{
    "average_document_length": {
        "stars": 6.292610837438423,
        "genres": 2.5762711864406778,
        "summaries": 335.3014778325123
    },
    "document_count": 1037
}