{
    "average_document_length": {
        "stars": 6.274240940254653,
        "genres": 2.5927710843373495,
        "summaries": 343.1630434782609
    },
    "document_count": 1035
}